index;noms;matricules;specialisation;note_moyenne;evaluation_stage;sexe;region;latitude;longitude
1;AMOUBE NDE LOUANGE-MYSTERE;CM-UMA-23ENSPM0394;data science;6;11;M;Sud;3,68331752385915;12,2511244510648
2;ARTHUR AARON;CM-UMA-23ENSPM0396;developpeur;11;16;M;Extreme-Nord;9,40686946557674;13,6704683284433
3;DOUANLA TSAGUE HUBERTO;CM-UMA-23ENSPM0395;developpeur;17,5;14;M;Extreme-Nord;9,40686946557674;13,6704683284433
4;KETCHADJI MARTIN ERIC;CM-UMA-23ENSPM0400;art numerique;19;17;M;Nord;9,03170150819017;13,4166019438715
5;NDJEM BINONG ISAI HERVE;CM-UMA-23ENSPM0401;developpeur;4;15;M;Sud;3,68331752385915;12,2511244510648
6;NGOKO BOTEY JUAN PABLO;CM-UMA-23ENSPM0402;chef de projet;9;8;M;Centre;4,18625427943487;12,0895731154282
7;NSEH FRANCOISE EMMANUELLE;CM-UMA-23ENSPM0403;chef de projet;10;9;F;Extreme-Nord;9,40686946557674;13,6704683284433
8;NZIETCHOU DEDZO ARES;CM-UMA-23ENSPM0404;data science;16;13;M;Extreme-Nord;9,40686946557674;13,6704683284433
9;YASSIKA EDMOND;CM-UMA-23ENSPM0397;chef de projet;13;8;M;Extreme-Nord;9,40686946557674;13,6704683284433
10;ABDOU KARIM MBOULA;CM-UMA-23ENSPM0408;developpeur;9;11;M;Nord;9,03170150819017;13,4166019438715
11;AMADOU PROSPER;CM-UMA-23ENSPM0409;chef de projet;19;14;M;Sud;3,68331752385915;12,2511244510648
12;AMINATOU DOUDOU BINTOU ALIOU;CM-UMA-23ENSPM0413;chef de projet;14;10;F;Centre;4,18625427943487;12,0895731154282
13;BIKIE CECILE;CM-UMA-23ENSPM0414;data science;9;8;F;Nord;9,03170150819017;13,4166019438715
14;BOYOMO EKONO CYRILLE STEPHANE;CM-UMA-23ENSPM0415;chef de projet;16;14;M;Extreme-Nord;9,40686946557674;13,6704683284433
15;DANG EDO MARY BLANCA;CM-UMA-23ENSPM0410;developpeur;7;11;F;Centre;4,18625427943487;12,0895731154282
16;DJODA TIKELA NELLY YVANNA;CM-UMA-23ENSPM0406;art numerique;8;20;F;Sud;3,68331752385915;12,2511244510648
17;ELOUNDOU ASSOLA MARC RONAL;CM-UMA-23ENSPM0416;data science;18;6;M;Centre;4,18625427943487;12,0895731154282
18;HARIRATOU FADILA SAMBO;CM-UMA-23ENSPM0411;chef de projet;15;5;F;Nord;9,03170150819017;13,4166019438715
19;LONFO MOFFO BRONSTED;CM-UMA-23ENSPM0417;art numerique;9;11;M;Centre;4,18625427943487;12,0895731154282
20;OMGBA TCHOAUMEN JULES JULIANNA;CM-UMA-23ENSPM0418;data science;15;11;F;Sud;3,68331752385915;12,2511244510648
21;TAKOUJOU MENOUNGA CAMILA;CM-UMA-23ENSPM0407;art numerique;19;13;F;Centre;4,18625427943487;12,0895731154282
22;WOUDAMVOU JEAN MARC;CM-UMA-23ENSPM0412;data science;15;13;M;Centre;4,18625427943487;12,0895731154282
23;OYONO LOIC;CM-UMA-22ENSPM0452;art numerique;14;11;M;Nord;9,03170150819017;13,4166019438715
